<?xml version="1.0" encoding="UTF-8"?>
<project-private xmlns="http://www.netbeans.org/ns/project-private/1">
    <editor-bookmarks xmlns="http://www.netbeans.org/ns/editor-bookmarks/2" lastBookmarkId="0"/>
    <open-files xmlns="http://www.netbeans.org/ns/projectui-open-files/2">
        <group>
            <file>file:/C:/Users/tabis/Documents/Boston/2nd%20Year/Second%20Semester/Systems%20Development%202A/SA1/SA1/src/EventManager.java</file>
            <file>file:/C:/Users/tabis/Documents/Boston/2nd%20Year/Second%20Semester/Systems%20Development%202A/SA1/SA1/src/DataBaseConnection.java</file>
        </group>
    </open-files>
</project-private>
